url;label;set
hdosport.com.png;authorized;validation
hillcrestsports.com.png;authorized;validation
otticalipari.it.png;authorized;validation
www.Fuva.nl.png;authorized;validation
www.Giarre.com.png;authorized;validation
www.abcgolf.co.uk.png;authorized;validation
www.academy.com.png;authorized;validation
www.alvernonoptical.com.png;authorized;validation
www.antonakaki-optics.gr.png;authorized;validation
www.arnette.com.png;authorized;validation
www.asos.com.png;authorized;validation
www.avottica.com.png;authorized;validation
www.bakkerracingproducts.nl.png;authorized;validation
www.baseballexpress.com.png;authorized;validation
www.bike-street.com.png;authorized;validation
www.braun.co.png;authorized;validation
www.bromleybike.co.uk.png;authorized;validation
www.brother2brother.co.uk.png;authorized;validation
www.burgundydipper.com.png;authorized;validation
www.cabelas.com.png;authorized;validation
www.chilelentes.cl.png;authorized;validation
www.cisport.co.uk.png;authorized;validation
www.coliseu.com.br.png;authorized;validation
www.contactlenses.gr.png;authorized;validation
www.coolokuliare.sk.png;authorized;validation
www.crocodileye.com.png;authorized;validation
www.cykelmagneten.com.png;authorized;validation
www.dafiti.cl.png;authorized;validation
www.designerframesoutlet.com.png;authorized;validation
www.doublest.jp.png;authorized;validation
www.edinburghbicycle.com.png;authorized;validation
www.element72store.com.png;authorized;validation
www.endicentar.hr.png;authorized;validation
www.envyotica.com.br.png;authorized;validation
www.eoptika.hu.png;authorized;validation
www.eyeacademy.com.png;authorized;validation
www.eyewearthese.com.png;authorized;validation
www.eyewish.nl.png;authorized;validation
www.factory-pilots.de.png;authorized;validation
www.fakeoakleyoutlets.com.png;authorized;validation
www.famousfootwear.com.png;authorized;validation
www.fanatics.com.png;authorized;validation
www.fansedge.com.png;authorized;validation
www.fasma-optica.gr.png;authorized;validation
www.firstframe.co.th.png;authorized;validation
www.footballfanatics.com.png;authorized;validation
www.foremostgolf.com.png;authorized;validation
www.gafas.pl.png;authorized;validation
www.gafasdesolymas.com.png;authorized;validation
www.galvanishop.com.png;authorized;validation
www.gertler-online.de.png;authorized;validation
www.gkboptical.com.png;authorized;validation
www.glassescorp.co.uk.png;authorized;validation
www.glassesdirect.co.uk.png;authorized;validation
www.himalayaoptical.com.png;authorized;validation
www.intersport.dk.png;authorized;validation
www.joyoptics.bg.png;authorized;validation
www.kokee.com.br.png;authorized;validation
www.lboshop.it.png;authorized;validation
www.lens.cl.png;authorized;validation
www.lensa.ro.png;authorized;validation
www.lids.com.png;authorized;validation
www.lumaxopticos.com.png;authorized;validation
www.maxisport.com.png;authorized;validation
www.midwayusa.com.png;authorized;validation
www.migafa.com.png;authorized;validation
www.misterrunning.com.png;authorized;validation
www.mohsport.no.png;authorized;validation
www.momoshop.com.tw.png;authorized;validation
www.nativoexclusive.com.png;authorized;validation
www.nemezis.net.pl.png;authorized;validation
www.nencinisport.it.png;authorized;validation
www.neoptic.gr.png;authorized;validation
www.o-shop.com.png;authorized;validation
www.oakley.com.png;authorized;validation
www.oculosshop.com.br.png;authorized;validation
www.ohgafas.com.png;authorized;validation
www.168jerseys.cn.png;unauthorized;validation
www.ad-architektur.de.png;unauthorized;validation
www.adasat.com.png;unauthorized;validation
www.antartik-records.de.png;unauthorized;validation
www.austausch-egm.de.png;unauthorized;validation
www.autoglas-weeze.de.png;unauthorized;validation
www.billylynn.de.png;unauthorized;validation
www.bpfgroup.de.png;unauthorized;validation
www.brummidienste.de.png;unauthorized;validation
www.by-nike.cn.png;unauthorized;validation
www.cflabs.es.png;unauthorized;validation
www.farbberatung-kiel.de.png;unauthorized;validation
www.fashionrepsfam.ru.png;unauthorized;validation
www.fassdesign.de.png;unauthorized;validation
www.fasten-saarland.de.png;unauthorized;validation
www.fewo-zingst-ahrens.de.png;unauthorized;validation
www.fightclub-kassel.de.png;unauthorized;validation
www.fourstyle.de.png;unauthorized;validation
www.germann-consult.de.png;unauthorized;validation
www.glassinpocket.com.png;unauthorized;validation
www.handy-fabrik24.de.png;unauthorized;validation
www.heimkaup.is.png;unauthorized;validation
www.helloitsme.fr.png;unauthorized;validation
www.holbrook.cz.png;unauthorized;validation
www.hookstrades.cn.png;unauthorized;validation
www.iconiclens.ro.png;unauthorized;validation
www.jobs-aktuell-bb.de.png;unauthorized;validation
www.kleinheidt.de.png;unauthorized;validation
www.kys-photography.de.png;unauthorized;validation
www.langepuche.de.png;unauthorized;validation
www.loeserung.de.png;unauthorized;validation
www.loveoculosbrasil.com.br.png;unauthorized;validation
www.mafoshop.de.png;unauthorized;validation
www.makitree.it.png;unauthorized;validation
www.med-onspace.de.png;unauthorized;validation
www.modafina.com.br.png;unauthorized;validation
www.multilingualcareers.de.png;unauthorized;validation
www.nowjerseys.cn.png;unauthorized;validation
www.oakleyoutlet.cc.png;unauthorized;validation
www.offshore-kurs.de.png;unauthorized;validation
www.open-chords.de.png;unauthorized;validation
www.perfectreplica.pk.png;unauthorized;validation
www.peter-plennis.de.png;unauthorized;validation
www.pleasantunboxing.cn.png;unauthorized;validation
www.ponygefluester.de.png;unauthorized;validation
www.prime-time.pl.png;unauthorized;validation
www.rad-trikots.de.png;unauthorized;validation
www.raybanclearancecanada.ca.png;unauthorized;validation
www.raybanco.com.ua.png;unauthorized;validation
www.raybanstore.com.ua.png;unauthorized;validation
www.repkick.cn.png;unauthorized;validation
www.replicawatchespakistan.pk.png;unauthorized;validation
www.royalwatches.pk.png;unauthorized;validation
www.rshop-pakistan.com.pk.png;unauthorized;validation
www.ruhnke-ferienwohnung.de.png;unauthorized;validation
www.salchegger.de.png;unauthorized;validation
www.saschamerdes.de.png;unauthorized;validation
www.schilling-groemitz.de.png;unauthorized;validation
www.shoesgooddeal.ru.png;unauthorized;validation
www.siemensstadt-tours.de.png;unauthorized;validation
www.stephaniekremer.de.png;unauthorized;validation
www.studio-m-leipzig.de.png;unauthorized;validation
www.suntoday.us.png;unauthorized;validation
www.sven-oehler.de.png;unauthorized;validation
www.thevintagebar.com.png;unauthorized;validation
www.timeflies.com.ua.png;unauthorized;validation
www.tweetyforever.de.png;unauthorized;validation
www.valborberaespinti.it.png;unauthorized;validation
www.visoriusodai.lt.png;unauthorized;validation
www.wabstracts.de.png;unauthorized;validation
www.watchesinpakistan.com.pk.png;unauthorized;validation
www.watchesreplica.pk.png;unauthorized;validation
www.watchprice.com.pk.png;unauthorized;validation
www.wirtschaftshypnose.de.png;unauthorized;validation
www.yimahandbags.cn.png;unauthorized;validation
www.zero71lupas.com.br.png;unauthorized;validation
www.zumloisl.de.png;unauthorized;validation
abcglasses.com.png;authorized;train
buckmans.com.png;authorized;train
designeroptics.com.png;authorized;train
ebasesloaded.com.png;authorized;train
eyezz.com.png;authorized;train
golfdirectnow.com.png;authorized;train
icuracao.com.png;authorized;train
movatik.com.png;authorized;train
park2peak.com.png;authorized;train
safetygearpro.com.png;authorized;train
www.123lens.nl.png;authorized;train
www.1242.eu.png;authorized;train
www.2eyeshop.com.png;authorized;train
www.321linsen.de.png;authorized;train
www.425motorsports.com.png;authorized;train
www.4eyes.pl.png;authorized;train
www.5hoefe-optik.com.png;authorized;train
www.Augenliebe.de.png;authorized;train
www.DIBLOW.CO.UK.png;authorized;train
www.Deporvillage.it.png;authorized;train
www.ELLIS-BRIGHAM.COM.png;authorized;train
www.EYEKIT.CO.png;authorized;train
www.Feelgoodcontacts.com.png;authorized;train
www.GIANT-LINCOLN.CO.UK.png;authorized;train
www.GOOUTDOORS.CO.UK.png;authorized;train
www.GafasWorld.es.png;authorized;train
www.HILLIERJEWELLERS.CO.UK.png;authorized;train
www.LEISURELAKESBIKES.COM.png;authorized;train
www.Lentes-de-contacto.es.png;authorized;train
www.Lentiamo.it.png;authorized;train
www.Linsensuppe.de.png;authorized;train
www.Linz-club.ru.png;authorized;train
www.Lunettesdesoleil.com.png;authorized;train
www.MASDINGS.COM.png;authorized;train
www.academyandco.com.png;authorized;train
www.aclens.com.png;authorized;train
www.activerideshop.com.png;authorized;train
www.agelari.gr.png;authorized;train
www.agspecs.co.th.png;authorized;train
www.all4cycling.com.png;authorized;train
www.almadepraia.com.br.png;authorized;train
www.alpingaraget.se.png;authorized;train
www.amazon.com.png;authorized;train
www.ambushboardco.com.png;authorized;train
www.americasbest.com.png;authorized;train
www.amillionsunglasses.com.png;authorized;train
www.annscottage.com.png;authorized;train
www.antonsport.no.png;authorized;train
www.arndt-weiss.de.png;authorized;train
www.arnikaufa.ru.png;authorized;train
www.artscyclery.com.png;authorized;train
www.athleta.com.png;authorized;train
www.atlanticoptical.com.sg.png;authorized;train
www.augenart-muenchen.de.png;authorized;train
www.babyshop.com.png;authorized;train
www.backwash.com.br.png;authorized;train
www.barclayandhurst.co.uk.png;authorized;train
www.basspro.com.png;authorized;train
www.befitting.com.png;authorized;train
www.belk.com.png;authorized;train
www.beseen.gr.png;authorized;train
www.bestbuyeyeglasses.com.png;authorized;train
www.bicimarket.com.png;authorized;train
www.bicyclechain.co.uk.png;authorized;train
www.bigtallfanatics.com.png;authorized;train
www.bikebling.com.png;authorized;train
www.bikeshop.no.png;authorized;train
www.biketiresdirect.com.png;authorized;train
www.blackdiamondsport.com.png;authorized;train
www.blauerboardshop.com.png;authorized;train
www.blauersnowboards.com.png;authorized;train
www.bobwards.com.png;authorized;train
www.boltonoptical.com.png;authorized;train
www.brandfield.nl.png;authorized;train
www.brandscycle.com.png;authorized;train
www.bravo-optica.ru.png;authorized;train
www.brilamsterdam.nl.png;authorized;train
www.brille54.com.png;authorized;train
www.btosports.com.png;authorized;train
www.btv.co.th.png;authorized;train
www.caliroots.com.png;authorized;train
www.campmor.com.png;authorized;train
www.cardinamonteiro.com.png;authorized;train
www.careofcarl.com.png;authorized;train
www.cavalierebici.it.png;authorized;train
www.cboptik.de.png;authorized;train
www.centralsurf.com.br.png;authorized;train
www.centroopticoalpedrete.com.png;authorized;train
www.centrootticorizzo.it.png;authorized;train
www.chaosfishing.com.png;authorized;train
www.chaparral-racing.com.png;authorized;train
www.christysports.com.png;authorized;train
www.ciclisport.com.png;authorized;train
www.cimaco.com.mx.png;authorized;train
www.citysports.com.png;authorized;train
www.cleanlinesurf.com.png;authorized;train
www.clearly.ca.png;authorized;train
www.cocky-kontaktni.cz.png;authorized;train
www.cockyshop.cz.png;authorized;train
www.coloradocyclist.com.png;authorized;train
www.congafasdesol.com.png;authorized;train
www.coolframes.com.png;authorized;train
www.costco.com.png;authorized;train
www.coyoti.com.png;authorized;train
www.cronos-optika.ru.png;authorized;train
www.cyclegear.com.png;authorized;train
www.cykloteket.se.png;authorized;train
www.dalescycles.com.png;authorized;train
www.dalpassoshop.it.png;authorized;train
www.danscomp.com.png;authorized;train
www.darksidesnowboards.com.png;authorized;train
www.demenego.it.png;authorized;train
www.deportesmoya.es.png;authorized;train
www.designereyes.com.png;authorized;train
www.designeriwear.net.png;authorized;train
www.designeroptics.net.png;authorized;train
www.dolan-bikes.com.png;authorized;train
www.dportenis.mx.png;authorized;train
www.dpstreet.mx.png;authorized;train
www.dresscodeclothing.com.png;authorized;train
www.dsw.com.png;authorized;train
www.dutyfreedufry.com.br.png;authorized;train
www.e-okuliare.sk.png;authorized;train
www.e-optometrija.lt.png;authorized;train
www.easternboarder.com.png;authorized;train
www.ebasesloaded.com.png;authorized;train
www.ebay.co.uk.png;authorized;train
www.ecovisionoptica.es.png;authorized;train
www.eilers24-norden.de.png;authorized;train
www.elcorteingles.es.png;authorized;train
www.elencse.hu.png;authorized;train
www.elightoptika.hu.png;authorized;train
www.elkor.lv.png;authorized;train
www.emagenetwork.com.png;authorized;train
www.eriksbikeshop.com.png;authorized;train
www.eurooptic.com.png;authorized;train
www.evaldsmtb.se.png;authorized;train
www.evanscycles.com.png;authorized;train
www.evereve.com.png;authorized;train
www.evike.com.png;authorized;train
www.evo.com.png;authorized;train
www.evolutionbikes.it.png;authorized;train
www.excelsports.com.png;authorized;train
www.extraoptical.no.png;authorized;train
www.eye-d.gr.png;authorized;train
www.eye-oo.it.png;authorized;train
www.eyeart.gr.png;authorized;train
www.eyecare-studio.com.png;authorized;train
www.eyecareuniverse.com.png;authorized;train
www.eyeconcept.gr.png;authorized;train
www.eyegen.com.sg.png;authorized;train
www.eyeglasses.com.png;authorized;train
www.eyelab.gr.png;authorized;train
www.eyeland.gr.png;authorized;train
www.eyelove.gr.png;authorized;train
www.eyerim.sk.png;authorized;train
www.eyesfusion.com.png;authorized;train
www.eyeshop.com.png;authorized;train
www.eyezz.com.png;authorized;train
www.ezcontacts.com.png;authorized;train
www.fairwaygolfusa.com.png;authorized;train
www.fairwaystyles.com.png;authorized;train
www.farhat.com.png;authorized;train
www.fashiondays.hu.png;authorized;train
www.fashioneyewear.co.uk.png;authorized;train
www.fashioneyewear.com.png;authorized;train
www.fashionoptics.gr.png;authorized;train
www.fiene.de.png;authorized;train
www.finishline.com.png;authorized;train
www.fjellsport.no.png;authorized;train
www.flammerouge.cc.png;authorized;train
www.fluid-lines.co.uk.png;authorized;train
www.foppa.it.png;authorized;train
www.foss-sport.no.png;authorized;train
www.framesdirect.com.png;authorized;train
www.frank-berghoff.de.png;authorized;train
www.fundgrube.es.png;authorized;train
www.gafasweb.com.png;authorized;train
www.galaxus.ch.png;authorized;train
www.galls.com.png;authorized;train
www.gehrke-optik.de.png;authorized;train
www.giuliettieguerra.it.png;authorized;train
www.glasogonmaster.se.png;authorized;train
www.glasses123.co.uk.png;authorized;train
www.glassesonweb.com.png;authorized;train
www.glassespeople.co.kr.png;authorized;train
www.glasstor.com.png;authorized;train
www.globalgolf.com.png;authorized;train
www.go-optic.com.png;authorized;train
www.golfballs.com.png;authorized;train
www.golfbase.co.uk.png;authorized;train
www.golfgeardirect.co.uk.png;authorized;train
www.goodoptics.gr.png;authorized;train
www.goodsports.com.png;authorized;train
www.gooptic.com.png;authorized;train
www.grandoptical.gr.png;authorized;train
www.greatoutdoors.ie.png;authorized;train
www.greavessports.com.png;authorized;train
www.gruppotticasara.it.png;authorized;train
www.gsport.no.png;authorized;train
www.gweleo.com.png;authorized;train
www.hargrovescycles.co.uk.png;authorized;train
www.hawaiivirtual.com.br.png;authorized;train
www.hbx.com.png;authorized;train
www.henrikssonscykel.se.png;authorized;train
www.hetzl-hirsch.de.png;authorized;train
www.hites.com.png;authorized;train
www.hoergeraete-pohland.de.png;authorized;train
www.hollingsworthcycles.ie.png;authorized;train
www.hosz.pl.png;authorized;train
www.hotsunglass.co.kr.png;authorized;train
www.hubben-shop.de.png;authorized;train
www.i-bryle.cz.png;authorized;train
www.ibikes.cl.png;authorized;train
www.iloveyourglasses.com.png;authorized;train
www.intersport.no.png;authorized;train
www.j3competition.com.png;authorized;train
www.jackssurfboards.com.png;authorized;train
www.jamesleonard.com.png;authorized;train
www.jellyfishsurfshop.com.png;authorized;train
www.jim-allan.com.png;authorized;train
www.jorgeoculista.pt.png;authorized;train
www.joylot.com.png;authorized;train
www.juwelierluitjens.com.png;authorized;train
www.juweliermeiller.de.png;authorized;train
www.karakassis.gr.png;authorized;train
www.karmaloop.com.png;authorized;train
www.kasparian.gr.png;authorized;train
www.kodano.hu.png;authorized;train
www.kodano.pl.png;authorized;train
www.kodano.sk.png;authorized;train
www.kohls.com.png;authorized;train
www.konvayo.com.png;authorized;train
www.koumpios.gr.png;authorized;train
www.krys.com.png;authorized;train
www.laboutiqueeyewear.com.png;authorized;train
www.laboutiqueofficielle.com.png;authorized;train
www.ladoeste.de.png;authorized;train
www.lamoda.ru.png;authorized;train
www.lannasport.se.png;authorized;train
www.laopticaonline.es.png;authorized;train
www.lavishspecs.com.png;authorized;train
www.leftlanesports.com.png;authorized;train
www.lencse.hu.png;authorized;train
www.lencsek.hu.png;authorized;train
www.lens4u.ru.png;authorized;train
www.lenscrafters.co.in.png;authorized;train
www.lensdirect.com.png;authorized;train
www.lensmaster.ru.png;authorized;train
www.lensmile.de.png;authorized;train
www.lentiexpress.es.png;authorized;train
www.level6.com.png;authorized;train
www.liverpool.com.mx.png;authorized;train
www.lohade.com.png;authorized;train
www.lojakings.com.br.png;authorized;train
www.lookkata.com.png;authorized;train
www.lordandtaylor.com.png;authorized;train
www.lovell-rugby.co.uk.png;authorized;train
www.luggagebase.com.png;authorized;train
www.lunettes.ru.png;authorized;train
www.luxeyeoptical.com.png;authorized;train
www.luxotticaminio.com.png;authorized;train
www.markaalen.gr.png;authorized;train
www.markakis.gr.png;authorized;train
www.marpeopticos.com.png;authorized;train
www.marquessoares.pt.png;authorized;train
www.martin-optik-nittenau.de.png;authorized;train
www.mcconveycycles.com.png;authorized;train
www.miaburton.com.png;authorized;train
www.mijnleesbril.nl.png;authorized;train
www.misgafasdesol.com.png;authorized;train
www.mltd.com.png;authorized;train
www.mortongolfsales.com.png;authorized;train
www.motorhelmets.com.png;authorized;train
www.mr-sunglass.com.png;authorized;train
www.mrporter.com.png;authorized;train
www.mtbstore.se.png;authorized;train
www.my-optika.ru.png;authorized;train
www.mymonture.com.png;authorized;train
www.myoptical.gr.png;authorized;train
www.myoptiker.de.png;authorized;train
www.mytheresa.com.png;authorized;train
www.mytriathlon.co.uk.png;authorized;train
www.net-a-porter.com.png;authorized;train
www.netshoes.com.br.png;authorized;train
www.nflshop.com.png;authorized;train
www.nlyman.com.png;authorized;train
www.nordstromrack.com.png;authorized;train
www.nowe-okulary.pl.png;authorized;train
www.nudokki.sk.png;authorized;train
www.o-planet.hu.png;authorized;train
www.occhialando.it.png;authorized;train
www.occhialidasole.it .png;authorized;train
www.oceanleiSure.co.uk.png;authorized;train
www.ofthalmos.gr.png;authorized;train
www.okularium.pl.png;authorized;train
www.okularymarkowe.pl.png;authorized;train
www.omb.pt.png;authorized;train
www.onwardreserve.com.png;authorized;train
www.ophicina.com.br.png;authorized;train
www.opka.gr.png;authorized;train
www.outdoorequipped.com.png;authorized;train
www.outlandusa.com.png;authorized;train
www.patriotoutfitters.com.png;authorized;train
www.persol.com.png;authorized;train
www.ray-ban.com.png;authorized;train
www.revolve.com.png;authorized;train
www.rockymountainatvmc.com.png;authorized;train
www.aaakingdom.ru.png;unauthorized;train
www.accessoires-by.de.png;unauthorized;train
www.actis-voyages.fr.png;unauthorized;train
www.adipositastag.de.png;unauthorized;train
www.adwojcik.cz.png;unauthorized;train
www.ainak.pk.png;unauthorized;train
www.airsoftwarfare.de.png;unauthorized;train
www.allinsunglasses.com.png;unauthorized;train
www.amore.org.pe.png;unauthorized;train
www.andreas-thees.de.png;unauthorized;train
www.antik-schleiden.de.png;unauthorized;train
www.antwerber.de.png;unauthorized;train
www.appartementfuerstd.de.png;unauthorized;train
www.argeboden.de.png;unauthorized;train
www.arnold-joosten.de.png;unauthorized;train
www.artmobile.fr.png;unauthorized;train
www.asmarkt.de.png;unauthorized;train
www.autohaus-donecker.de.png;unauthorized;train
www.autolinegmbh.de.png;unauthorized;train
www.awo-westerland.de.png;unauthorized;train
www.ballos-and-friends.de.png;unauthorized;train
www.bartningallee.de.png;unauthorized;train
www.bauservice-exklusiv.de.png;unauthorized;train
www.bazaroakley.com.br.png;unauthorized;train
www.blitzesauber.de.png;unauthorized;train
www.bluecor.de.png;unauthorized;train
www.boutiquedesarts.fr.png;unauthorized;train
www.bowlingcenter-huerth.de.png;unauthorized;train
www.boxerwaltrop.de.png;unauthorized;train
www.brain-fisher.de.png;unauthorized;train
www.brandjerseys.cn.png;unauthorized;train
www.brands-in-fashion.se.png;unauthorized;train
www.brandwholesale.ru.png;unauthorized;train
www.brdcopies.ru.png;unauthorized;train
www.brillenkaufenberlin.de.png;unauthorized;train
www.buyreplicas.ru.png;unauthorized;train
www.buytoday.pk.png;unauthorized;train
www.cardosostore.com.br.png;unauthorized;train
www.carlo-baby.de.png;unauthorized;train
www.casapalmeras.de.png;unauthorized;train
www.chakraflowyoga.de.png;unauthorized;train
www.chashmay.com.pk.png;unauthorized;train
www.cheap-bags.ru.png;unauthorized;train
www.cheap4world.ru.png;unauthorized;train
www.cheapjerseyschoose.com.cn.png;unauthorized;train
www.cheapretroshoes.de.png;unauthorized;train
www.ck-contrain.de.png;unauthorized;train
www.co2-tshirt.de.png;unauthorized;train
www.comejerseys.cn.png;unauthorized;train
www.convershare.es.png;unauthorized;train
www.corddumrese.de.png;unauthorized;train
www.cruise-list.de.png;unauthorized;train
www.cupra6k.de.png;unauthorized;train
www.decooutlet.es.png;unauthorized;train
www.defstone3d.de.png;unauthorized;train
www.diagnostiknord.de.png;unauthorized;train
www.discountshoesbar.de.png;unauthorized;train
www.discountshopjersey.cn.png;unauthorized;train
www.discountsneakersshoes.de.png;unauthorized;train
www.dodax.de.png;unauthorized;train
www.dprisa.store.png;unauthorized;train
www.dvdvision.fr.png;unauthorized;train
www.eachsee.com.png;unauthorized;train
www.eastern-asia-trade.de.png;unauthorized;train
www.edgarrodo.de.png;unauthorized;train
www.ehe-ratgeber.de.png;unauthorized;train
www.eifel-massage.de.png;unauthorized;train
www.einblattpapier.de.png;unauthorized;train
www.elbtal-manufaktur.de.png;unauthorized;train
www.ergopet.de.png;unauthorized;train
www.esgibteinenweg.de.png;unauthorized;train
www.esoterik-kurse.de.png;unauthorized;train
www.ester-vosatkova-cesta-je-zivot.cz.png;unauthorized;train
www.etec-t.de.png;unauthorized;train
www.etilang.pl.png;unauthorized;train
www.eyeglassesdepot.com.png;unauthorized;train
www.familie-schoeps.de.png;unauthorized;train
www.fashionhandbags.cn.png;unauthorized;train
www.fliesen-miller.de.png;unauthorized;train
www.flightcorp.co.nz.png;unauthorized;train
www.flugzeug-landungen.de.png;unauthorized;train
www.fpv-brothers.de.png;unauthorized;train
www.fratelliservizi.it.png;unauthorized;train
www.gafasdecolombia.com.png;unauthorized;train
www.gartentraum-in-stein.de.png;unauthorized;train
www.gavelock.co.png;unauthorized;train
www.gds-sasbach.de.png;unauthorized;train
www.gerd-lehnert.de.png;unauthorized;train
www.geschenke-zeitlos.de.png;unauthorized;train
www.getit.pk.png;unauthorized;train
www.glasses.ua.png;unauthorized;train
www.glasses79.ru.png;unauthorized;train
www.glassesmart.pk.png;unauthorized;train
www.glassu2022.cz.png;unauthorized;train
www.gogoyeezy.cn.png;unauthorized;train
www.golfshopthiergarten.de.png;unauthorized;train
www.golfstormers.de.png;unauthorized;train
www.goodallstar.cn.png;unauthorized;train
www.grammer-solarbau.de.png;unauthorized;train
www.gutachten-rew.de.png;unauthorized;train
www.hacemosweb.mx.png;unauthorized;train
www.hagen-voss.de.png;unauthorized;train
www.hansische-frouwen.de.png;unauthorized;train
www.hats-kicks.cn.png;unauthorized;train
www.heethey.de.png;unauthorized;train
www.henschke-kanzeln.de.png;unauthorized;train
www.holbrook.it.png;unauthorized;train
www.hosting-hier.de.png;unauthorized;train
www.ibyteclub.fr.png;unauthorized;train
www.ievolution.ca.png;unauthorized;train
www.ingokempf.de.png;unauthorized;train
www.intersearch.es.png;unauthorized;train
www.irisperschmann.de.png;unauthorized;train
www.jbags.cn.png;unauthorized;train
www.jerseysshowjerseys.cn.png;unauthorized;train
www.jordan-holzwelten.de.png;unauthorized;train
www.kai-nabi.de.png;unauthorized;train
www.karo-fotokunst.de.png;unauthorized;train
www.kath-kiga-bockhorn.de.png;unauthorized;train
www.kickzhome.ru.png;unauthorized;train
www.kita24-online.de.png;unauthorized;train
www.knall-trauma.de.png;unauthorized;train
www.knopf-saiten.de.png;unauthorized;train
www.kohler-maulwurf.de.png;unauthorized;train
www.kreuzederconsult.de.png;unauthorized;train
www.kunsthandwerk-tour.de.png;unauthorized;train
www.la-grande-cave.de.png;unauthorized;train
www.lacnerayban.sk.png;unauthorized;train
www.lamaisondesgalets.fr.png;unauthorized;train
www.laptopscreen.es.png;unauthorized;train
www.lecourtilsaintroch.fr.png;unauthorized;train
www.leisurewind.ru.png;unauthorized;train
www.lengua.fr.png;unauthorized;train
www.lenteshop.com.ar.png;unauthorized;train
www.lloveoculosstore.com.br.png;unauthorized;train
www.localscreens.de.png;unauthorized;train
www.location-am-see.de.png;unauthorized;train
www.lps-akademie.de.png;unauthorized;train
www.lutzkraemer.de.png;unauthorized;train
www.luxurywatches.pk.png;unauthorized;train
www.lydia-und-dirk.de.png;unauthorized;train
www.mainzerhaus.de.png;unauthorized;train
www.marlene-blesse.de.png;unauthorized;train
www.martinschuhmann.de.png;unauthorized;train
www.mbeshop.de.png;unauthorized;train
www.md-grussendorf.de.png;unauthorized;train
www.mdz-stralsund.de.png;unauthorized;train
www.menzoptik.de.png;unauthorized;train
www.meteoriteninfo.de.png;unauthorized;train
www.mieterberater.de.png;unauthorized;train
www.milzundzimmermann.de.png;unauthorized;train
www.mksell.ru.png;unauthorized;train
www.mkstylish.ru.png;unauthorized;train
www.mluvmeostari.cz.png;unauthorized;train
www.musikhaus-fulda.de.png;unauthorized;train
www.mywatches.com.pk.png;unauthorized;train
www.nasto-zwerge.de.png;unauthorized;train
www.nfljerseyswholesalers.cn.png;unauthorized;train
www.ngocrayban.com.vn.png;unauthorized;train
www.o4ki.ua.png;unauthorized;train
www.oakleyoutletwebsite.us.png;unauthorized;train
www.oakleysale.cc.png;unauthorized;train
www.oakleystore.cc.png;unauthorized;train
www.oakleysunglassescheap.com.co.png;unauthorized;train
www.oakleyvietnam.vn.png;unauthorized;train
www.oaklstore.com.png;unauthorized;train
www.ochilabg.net.png;unauthorized;train
www.oculosaviador.pt.png;unauthorized;train
www.odin-bau.de.png;unauthorized;train
www.oekostrom-magdeburg.de.png;unauthorized;train
www.officialfansjerseys.cn.png;unauthorized;train
www.officialjerseycheap.cn.png;unauthorized;train
www.onedayonly.co.za.png;unauthorized;train
www.online-musikstunde.de.png;unauthorized;train
www.onlinejerseysclub.cn.png;unauthorized;train
www.onlinejerseyworld.cn.png;unauthorized;train
www.onlinewatches.com.pk.png;unauthorized;train
www.onlinewatches.pk.png;unauthorized;train
www.ostseelocations.de.png;unauthorized;train
www.othmar-seemann.de.png;unauthorized;train
www.oticasverao.com.br.png;unauthorized;train
www.ourjerseys.cn.png;unauthorized;train
www.palmratgeber.de.png;unauthorized;train
www.parfym24.se.png;unauthorized;train
www.paulinatruchan.pl.png;unauthorized;train
www.paylessjerseyswholesale.ru.png;unauthorized;train
www.pedal-tram.de.png;unauthorized;train
www.pentasys-consulting.de.png;unauthorized;train
www.perfectboutique.ru.png;unauthorized;train
www.perfectrolex.pk.png;unauthorized;train
www.pescafresca.es.png;unauthorized;train
www.pickjordan.cn.png;unauthorized;train
www.pionierpalast-berlin.de.png;unauthorized;train
www.plasticmesh.de.png;unauthorized;train
www.platinen-design.de.png;unauthorized;train
www.politikaufstellung.de.png;unauthorized;train
www.power-of-wind.de.png;unauthorized;train
www.praxis-tyczynski.de.png;unauthorized;train
www.privatesportshop.it.png;unauthorized;train
www.profile-ts.com.png;unauthorized;train
www.promobil-usedom.de.png;unauthorized;train
www.proteinliebe.de.png;unauthorized;train
www.pruem-wenzelbach.de.png;unauthorized;train
www.puggle-babys.de.png;unauthorized;train
www.qiqibrand.cc.png;unauthorized;train
www.qsteam.pl.png;unauthorized;train
www.quai-13.fr.png;unauthorized;train
www.r-b-store.ru.png;unauthorized;train
www.rabe-energie.de.png;unauthorized;train
www.rabe-licht.de.png;unauthorized;train
www.ranziundpflanzi.de.png;unauthorized;train
www.rath-kerstin.de.png;unauthorized;train
www.ray-ban-msk.ru.png;unauthorized;train
www.rayban-club.ru.png;unauthorized;train
www.rayban-ukraine.com.ua.png;unauthorized;train
www.rayban1937.ru.png;unauthorized;train
www.raybanecuador.com.png;unauthorized;train
www.raybanmarket.ir.png;unauthorized;train
www.raybanshop.com.vn.png;unauthorized;train
www.raybanwebshop.com.png;unauthorized;train
www.rb-glasses.ru.png;unauthorized;train
www.rb-russia.ru.png;unauthorized;train
www.rbcuu.net.png;unauthorized;train
www.rboutlet.ro.png;unauthorized;train
www.rbperu.com.pe.png;unauthorized;train
www.reflexions.pk.png;unauthorized;train
www.reichenberg-apotheke.de.png;unauthorized;train
www.reiki-bad-nauheim.de.png;unauthorized;train
www.replica-watches-china.com.pk.png;unauthorized;train
www.replica-watches.pk.png;unauthorized;train
www.replicamagic.com.pk.png;unauthorized;train
www.replicasderelogiostop.com.br.png;unauthorized;train
www.replicawatchesislamabad.pk.png;unauthorized;train
www.replicawatchespakistan.com.pk.png;unauthorized;train
www.replicawatchespro.co.png;unauthorized;train
www.replicawatchkarachi.pk.png;unauthorized;train
www.rockafalles.es.png;unauthorized;train
www.rodbiker.com.br.png;unauthorized;train
www.royalwatchespakistan.com.pk.png;unauthorized;train
www.sabinafutura.it.png;unauthorized;train
www.sandragarus.de.png;unauthorized;train
www.savedoan.ca.png;unauthorized;train
www.schrank-levy.de.png;unauthorized;train
www.schulfahrten-berlin.de.png;unauthorized;train
www.see-gmbh.de.png;unauthorized;train
www.selectocol.com.png;unauthorized;train
www.sellingplaza.ru.png;unauthorized;train
www.sezendarek.cz.png;unauthorized;train
www.shashkay.com.pk.png;unauthorized;train
www.shoeshead.ru.png;unauthorized;train
www.shoeskicks777.ru.png;unauthorized;train
www.shoesspring.ru.png;unauthorized;train
www.showroom-kiev.com.ua.png;unauthorized;train
www.sirsneaker.cn.png;unauthorized;train
www.skankoerpertherapie.de.png;unauthorized;train
www.smart-teck.de.png;unauthorized;train
www.soccertalente.de.png;unauthorized;train
www.sofort-kleinkredit.de.png;unauthorized;train
www.soleyeezy.cn.png;unauthorized;train
www.sonasl.com.br.png;unauthorized;train
www.sprach-seminar.de.png;unauthorized;train
www.steinchen-traeume.de.png;unauthorized;train
www.stranded-pirates.de.png;unauthorized;train
www.streetwearperu.com.png;unauthorized;train
www.style-africa.de.png;unauthorized;train
www.sun-glasses.com.ua.png;unauthorized;train
www.sunglasses.com.pk.png;unauthorized;train
www.sunglassesf.ru.png;unauthorized;train
www.sunglassforme.ru.png;unauthorized;train
www.sunglassoutlet.com.png;unauthorized;train
www.swietnaksiazka.pl.png;unauthorized;train
www.tagesheim-egm.de.png;unauthorized;train
www.takrayban.com.png;unauthorized;train
www.tallnobby.de.png;unauthorized;train
www.taschentuchkauf.de.png;unauthorized;train
www.textilzubehoer.de.png;unauthorized;train
www.tgsrl.it.png;unauthorized;train
www.theater-weiskirchen.de.png;unauthorized;train
www.theracawo.de.png;unauthorized;train
www.theusshop.com.png;unauthorized;train
www.thomas-kossmann.de.png;unauthorized;train
www.timezone.com.pk.png;unauthorized;train
www.tofredensien.de.png;unauthorized;train
www.tom-maximilian-lucas.de.png;unauthorized;train
www.trade555a.cn.png;unauthorized;train
www.urol-bremen.de.png;unauthorized;train
www.vicvonmont.de.png;unauthorized;train
www.villamarburg.de.png;unauthorized;train
www.villavanille.fr.png;unauthorized;train
www.walther-beardies.de.png;unauthorized;train
www.watchestime.cn.png;unauthorized;train
www.watchprice.pk.png;unauthorized;train
www.watchshop24.eu.png;unauthorized;train
www.watchtime.com.pk.png;unauthorized;train
www.wbv-software.de.png;unauthorized;train
www.weitlingviertel.de.png;unauthorized;train
www.werbeagentur-hey.de.png;unauthorized;train
www.wettig.fr.png;unauthorized;train
www.wohnmobil-autoglas.de.png;unauthorized;train
www.workshopag.de.png;unauthorized;train
www.www-ray-ban-i.ru.png;unauthorized;train
www.yepbrand.ru.png;unauthorized;train
www.yeskicks.cn.png;unauthorized;train
www.young-science.de.png;unauthorized;train
www.yupoo-search.com.png;unauthorized;train
www.yves-foto.de.png;unauthorized;train
www.zapfking.de.png;unauthorized;train
www.zw-sachsenquelle.de.png;unauthorized;train
