url;class;meta_count
https://abcglasses.com;authorized;16
https://www.academy.com;authorized;10
https://www.aclens.com;authorized;8
https://www.allureaid.com;authorized;28
https://www.backcountry.com;authorized;22
https://www.baseballexpress.com;authorized;6
https://www.basspro.com;authorized;0
https://www.befitting.com;authorized;23
https://www.belk.com;authorized;2
https://www.bergdorfgoodman.com;authorized;2
https://www.bigtallfanatics.com;authorized;0
https://www.bikebling.com;authorized;34
https://www.biketiresdirect.com;authorized;11
https://www.blauerboardshop.com;authorized;128
https://www.bloomingdales.com;authorized;0
https://www.bobwards.com;authorized;13
https://www.brandscycle.com;authorized;26
https://buckmans.com;authorized;12
http://www.cabelas.com;authorized;0
https://www.chaosfishing.com;authorized;6
https://www.cleanlinesurf.com;authorized;15
https://www.coastal.com;authorized;24
https://www.coloradocyclist.com;authorized;7
https://www.competitivecyclist.com;authorized;22
https://www.coolframes.com;authorized;5
https://www.designereyes.com;authorized;29
https://www.designerframesoutlet.com;authorized;11
https://designeroptics.com;authorized;23
https://www.dresscodeclothing.com;authorized;4
https://ebasesloaded.com;authorized;6
https://www.eclipseeyewear.com;authorized;21
https://www.electronicexpress.com;authorized;5
https://www.eriksbikeshop.com;authorized;16
https://www.eurooptic.com;authorized;9
https://www.evike.com;authorized;7
https://www.evo.com;authorized;11
https://www.eyeglasses.com;authorized;9
https://eyezz.com;authorized;0
https://www.ezcontacts.com;authorized;18
https://www.fairwaystyles.com;authorized;5
https://www.fanatics.com;authorized;0
https://www.fansedge.com;authorized;0
https://www.fashioneyewear.com;authorized;23
https://www.framesdirect.com;authorized;15
https://gaffos.com;authorized;27
http://www.galls.com;authorized;5
https://www.glassesonweb.com;authorized;11
https://www.glassesusa.com;authorized;16
https://www.globalgolf.com;authorized;5
https://golfdirectnow.com;authorized;23
https://www.goodsports.com;authorized;2
https://www.go-optic.com;authorized;20
https://hdosport.com;authorized;24
https://hillcrestsports.com;authorized;8
https://icuracao.com;authorized;7
https://www.joylot.com;authorized;6
https://www.kohls.com;authorized;23
https://lapolicegear.com;authorized;7
https://www.lavishspecs.com;authorized;14
https://www.macys.com;authorized;0
https://movatik.com;authorized;28
https://www.nflshop.com;authorized;0
https://otticalipari.it;authorized;18
https://www.otticanet.com;authorized;528
https://www.outdoorequipped.com;authorized;23
https://www.outlandusa.com;authorized;50
https://www.paragonsports.com;authorized;16
https://park2peak.com;authorized;20
https://www.patriotoutfitters.com;authorized;5
https://www.persol.com;authorized;0
https://www.ray-ban.com;authorized;0
https://www.revolve.com;authorized;12
https://www.rockymountainatvmc.com;authorized;10
https://safetygearpro.com;authorized;27
http://www.168jerseys.cn;unauthorized;6
http://www.aaakingdom.ru;unauthorized;4
http://www.accessoires-by.de;unauthorized;4
http://www.actis-voyages.fr;unauthorized;7
http://www.ad-architektur.de;unauthorized;4
http://www.adasat.com;unauthorized;28
http://www.adipositastag.de;unauthorized;4
http://www.adwojcik.cz;unauthorized;2
http://www.ainak.pk;unauthorized;23
http://www.airsoftwarfare.de;unauthorized;4
http://www.albergonettunolerici.it;unauthorized;0
http://www.allinsunglasses.com;unauthorized;2
http://www.amore.org.pe;unauthorized;21
http://www.andreas-thees.de;unauthorized;4
http://www.antartik-records.de;unauthorized;4
http://www.antik-schleiden.de;unauthorized;4
http://www.antwerber.de;unauthorized;4
http://www.appartementfuerstd.de;unauthorized;4
http://www.argeboden.de;unauthorized;4
http://www.arnold-joosten.de;unauthorized;4
http://www.artmobile.fr;unauthorized;0
http://www.asmarkt.de;unauthorized;4
http://www.austausch-egm.de;unauthorized;4
http://www.autoglas-weeze.de;unauthorized;4
http://www.autohaus-donecker.de;unauthorized;4
http://www.autolinegmbh.de;unauthorized;4
http://www.awo-westerland.de;unauthorized;4
http://www.ballos-and-friends.de;unauthorized;4
http://www.bartningallee.de;unauthorized;4
http://www.bauservice-exklusiv.de;unauthorized;4
http://www.bazaroakley.com.br;unauthorized;12
http://www.billylynn.de;unauthorized;7
http://www.blitzesauber.de;unauthorized;4
http://www.bluecor.de;unauthorized;4
http://www.boutiquedesarts.fr;unauthorized;27
http://www.bowlingcenter-huerth.de;unauthorized;4
http://www.boxerwaltrop.de;unauthorized;4
http://www.bpfgroup.de;unauthorized;4
http://www.brain-fisher.de;unauthorized;4
http://www.brandjerseys.cn;unauthorized;6
http://www.brands-in-fashion.se;unauthorized;4
http://www.brandwholesale.ru;unauthorized;6
http://www.brdcopies.ru;unauthorized;4
http://www.brillenkaufenberlin.de;unauthorized;5
http://www.brummidienste.de;unauthorized;4
http://www.buyreplicas.ru;unauthorized;4
http://www.buytoday.pk;unauthorized;6
http://www.by-nike.cn;unauthorized;7
http://www.cardosostore.com.br;unauthorized;14
http://www.carlo-baby.de;unauthorized;4
http://www.casapalmeras.de;unauthorized;4
http://www.cflabs.es;unauthorized;7
http://www.chakraflowyoga.de;unauthorized;4
http://www.chashmay.com.pk;unauthorized;0
http://www.cheap4world.ru;unauthorized;4
http://www.cheap-bags.ru;unauthorized;4
http://www.cheapjerseyschoose.com.cn;unauthorized;6
http://www.cheapoakleysunglassesuk.ru;unauthorized;6
http://www.cheapretroshoes.de;unauthorized;4
http://www.ck-contrain.de;unauthorized;4
http://www.co2-tshirt.de;unauthorized;4
http://www.comejerseys.cn;unauthorized;6
http://www.convershare.es;unauthorized;6
http://www.corddumrese.de;unauthorized;4
http://www.cruise-list.de;unauthorized;4
http://www.cupra6k.de;unauthorized;4
http://www.decooutlet.es;unauthorized;21
http://www.defstone3d.de;unauthorized;4
http://www.diagnostiknord.de;unauthorized;4
http://www.discountshoesbar.de;unauthorized;4
http://www.discountshopjersey.cn;unauthorized;8
http://www.discountsneakersshoes.de;unauthorized;4
http://www.dodax.de;unauthorized;11
http://www.dprisa.store;unauthorized;26
http://www.dvdvision.fr;unauthorized;6
http://www.eachsee.com;unauthorized;4
http://www.eastern-asia-trade.de;unauthorized;4
http://www.edgarrodo.de;unauthorized;4
http://www.ehe-ratgeber.de;unauthorized;4
http://www.eifel-massage.de;unauthorized;4
http://www.einblattpapier.de;unauthorized;4
http://www.elbtal-manufaktur.de;unauthorized;4
http://www.ergopet.de;unauthorized;4
http://www.esgibteinenweg.de;unauthorized;4
http://www.esoterik-kurse.de;unauthorized;5
http://www.ester-vosatkova-cesta-je-zivot.cz;unauthorized;2
http://www.etec-t.de;unauthorized;4
http://www.etilang.pl;unauthorized;4
http://www.eyeglassesdepot.com;unauthorized;8
http://www.familie-schoeps.de;unauthorized;4
http://www.farbberatung-kiel.de;unauthorized;4
http://www.fashion.com.ru;unauthorized;14
http://www.fashionhandbags.cn;unauthorized;4
http://www.fashionrepsfam.ru;unauthorized;5
http://www.fassdesign.de;unauthorized;4
http://www.fasten-saarland.de;unauthorized;4
http://www.fewo-zingst-ahrens.de;unauthorized;4
http://www.fightclub-kassel.de;unauthorized;4
http://www.fisicast.it;unauthorized;2
http://www.fliesen-miller.de;unauthorized;4
http://www.flightcorp.co.nz;unauthorized;3
http://www.flugzeug-landungen.de;unauthorized;4
http://www.flytopcool.shop;unauthorized;6
http://www.fourstyle.de;unauthorized;4
http://www.fpv-brothers.de;unauthorized;4
http://www.fratelliservizi.it;unauthorized;3
http://www.gafasdecolombia.com;unauthorized;28
http://www.gartentraum-in-stein.de;unauthorized;4
http://www.gavelock.co;unauthorized;7
http://www.gds-sasbach.de;unauthorized;4
http://www.gerd-lehnert.de;unauthorized;4
http://www.germann-consult.de;unauthorized;4
http://www.geschenke-zeitlos.de;unauthorized;4
http://www.getit.pk;unauthorized;18
http://www.glasses.ua;unauthorized;20
http://www.glasses79.ru;unauthorized;4
http://www.glassesmart.pk;unauthorized;24
http://www.glassinpocket.com;unauthorized;17
http://www.glassu2022.cz;unauthorized;0
http://www.gogoyeezy.cn;unauthorized;17
http://www.golfshopthiergarten.de;unauthorized;4
http://www.golfstormers.de;unauthorized;4
http://www.goodallstar.cn;unauthorized;4
http://www.grammer-solarbau.de;unauthorized;4
http://www.gutachten-rew.de;unauthorized;4
http://www.hacemosweb.mx;unauthorized;11
http://www.hagen-voss.de;unauthorized;4
http://www.handy-fabrik24.de;unauthorized;9
http://www.hansische-frouwen.de;unauthorized;4
http://www.hats-kicks.cn;unauthorized;5
http://www.heethey.de;unauthorized;4
http://www.heimkaup.is;unauthorized;16
http://www.helloitsme.fr;unauthorized;7
http://www.hellyeah.cn;unauthorized;0
http://www.henschke-kanzeln.de;unauthorized;4
http://www.holbrook.cz;unauthorized;3
http://www.holbrook.it;unauthorized;3
http://www.hookstrades.cn;unauthorized;0
http://www.hosting-hier.de;unauthorized;4
http://www.hotvipsunglasses.cc;unauthorized;0
http://www.ibyteclub.fr;unauthorized;5
http://www.iconiclens.ro;unauthorized;6
http://www.ievolution.ca;unauthorized;6
http://www.ingokempf.de;unauthorized;4
http://www.intersearch.es;unauthorized;7
http://www.irisperschmann.de;unauthorized;4
http://www.jbags.cn;unauthorized;6
http://www.jerseysshowjerseys.cn;unauthorized;6
http://www.jobs-aktuell-bb.de;unauthorized;4
http://www.jordan-holzwelten.de;unauthorized;4
http://www.kai-nabi.de;unauthorized;4
http://www.karo-fotokunst.de;unauthorized;0
http://www.kath-kiga-bockhorn.de;unauthorized;4
http://www.kickzhome.ru;unauthorized;4
http://www.kita24-online.de;unauthorized;4
http://www.kleinheidt.de;unauthorized;4
http://www.knall-trauma.de;unauthorized;4
http://www.knopf-saiten.de;unauthorized;4
http://www.kohler-maulwurf.de;unauthorized;4
http://www.kreuzederconsult.de;unauthorized;4
http://www.kunsthandwerk-tour.de;unauthorized;4
http://www.kys-photography.de;unauthorized;4
http://www.lacnerayban.sk;unauthorized;3
http://www.la-grande-cave.de;unauthorized;4
http://www.lamaisondesgalets.fr;unauthorized;0
http://www.langepuche.de;unauthorized;4
http://www.laptopscreen.es;unauthorized;5
http://www.leather5a.ru;unauthorized;0
http://www.lecourtilsaintroch.fr;unauthorized;2
http://www.leisurewind.ru;unauthorized;3
http://www.lengua.fr;unauthorized;7
http://www.lenteshop.com.ar;unauthorized;12
http://www.lloveoculosstore.com.br;unauthorized;11
http://www.localscreens.de;unauthorized;4
http://www.location-am-see.de;unauthorized;4
http://www.loeserung.de;unauthorized;4
http://www.loveoculosbrasil.com.br;unauthorized;11
http://www.lps-akademie.de;unauthorized;4
http://www.lutzkraemer.de;unauthorized;4
http://www.luxurytasticreplicas.ru;unauthorized;18
http://www.luxurywatches.pk;unauthorized;7
http://www.lydia-und-dirk.de;unauthorized;4
http://www.mafoshop.de;unauthorized;4
http://www.mainzerhaus.de;unauthorized;4
http://www.makitree.it;unauthorized;3
http://www.marlene-blesse.de;unauthorized;4
http://www.martinschuhmann.de;unauthorized;4
http://www.mbeshop.de;unauthorized;4
http://www.md-grussendorf.de;unauthorized;4
http://www.mdz-stralsund.de;unauthorized;4
http://www.med-onspace.de;unauthorized;4
http://www.menzoptik.de;unauthorized;4
http://www.meteoriteninfo.de;unauthorized;4
http://www.mieterberater.de;unauthorized;4
http://www.milzundzimmermann.de;unauthorized;4
http://www.mingchaowang.com;unauthorized;6
http://www.mirvba.ru;unauthorized;0
http://www.mishop.club;unauthorized;14
http://www.mksell.ru;unauthorized;16
http://www.mkstylish.ru;unauthorized;0
http://www.mluvmeostari.cz;unauthorized;53
http://www.modafina.com.br;unauthorized;5
http://www.multilingualcareers.de;unauthorized;4
http://www.musikhaus-fulda.de;unauthorized;4
http://www.mywatches.com.pk;unauthorized;7
http://www.nasto-zwerge.de;unauthorized;4
http://www.nfljerseyswholesalers.cn;unauthorized;6
http://www.ngocrayban.com.vn;unauthorized;6
http://www.novawatches.pk;unauthorized;6
http://www.nowjerseys.cn;unauthorized;6
http://www.o4ki.ua;unauthorized;7
http://www.oakleyoutlet.cc;unauthorized;10
http://www.oakleyoutletwebsite.us;unauthorized;19
http://www.oakleysale.cc;unauthorized;10
http://www.oakleystore.cc;unauthorized;10
http://www.oakleysunglassescheap.com.co;unauthorized;0
http://www.oakleyvietnam.vn;unauthorized;33
http://www.oaklstore.com;unauthorized;0
http://www.ochilabg.net;unauthorized;52
http://www.oculosaviador.pt;unauthorized;2
http://www.oculoslandia.com.br;unauthorized;0
http://www.odin-bau.de;unauthorized;4
http://www.oekostrom-magdeburg.de;unauthorized;4
http://www.officialfansjerseys.cn;unauthorized;7
http://www.officialjerseycheap.cn;unauthorized;6
http://www.offshore-kurs.de;unauthorized;4
http://www.onedayonly.co.za;unauthorized;21
http://www.onlinejerseysclub.cn;unauthorized;6
http://www.onlinejerseyworld.cn;unauthorized;8
http://www.online-musikstunde.de;unauthorized;4
http://www.onlinewatches.com.pk;unauthorized;7
http://www.onlinewatches.pk;unauthorized;7
http://www.open-chords.de;unauthorized;4
http://www.ostseelocations.de;unauthorized;4
http://www.othmar-seemann.de;unauthorized;4
http://www.oticasluxo.com.br;unauthorized;16
http://www.oticasverao.com.br;unauthorized;14
http://www.ourjerseys.cn;unauthorized;6
http://www.palmratgeber.de;unauthorized;4
http://www.parfym24.se;unauthorized;26
http://www.paulinatruchan.pl;unauthorized;4
http://www.paylessjerseyswholesale.ru;unauthorized;4
http://www.pedal-tram.de;unauthorized;4
http://www.pentasys-consulting.de;unauthorized;4
http://www.perfectboutique.ru;unauthorized;20
http://www.perfectreplica.pk;unauthorized;7
http://www.perfectrolex.pk;unauthorized;7
http://www.pescafresca.es;unauthorized;7
http://www.peter-plennis.de;unauthorized;4
http://www.pickjordan.cn;unauthorized;17
http://www.pionierpalast-berlin.de;unauthorized;4
http://www.plasticmesh.de;unauthorized;4
http://www.platinen-design.de;unauthorized;4
http://www.pleasantunboxing.cn;unauthorized;4
http://www.politikaufstellung.de;unauthorized;4
http://www.ponygefluester.de;unauthorized;4
http://www.power-of-wind.de;unauthorized;4
http://www.praxis-tyczynski.de;unauthorized;4
http://www.prime-time.pl;unauthorized;6
http://www.privatesportshop.it;unauthorized;25
http://www.profile-ts.com;unauthorized;6
http://www.promobil-usedom.de;unauthorized;4
http://www.proteinliebe.de;unauthorized;0
http://www.pruem-wenzelbach.de;unauthorized;4
http://www.puggle-babys.de;unauthorized;4
http://www.punkreas.it;unauthorized;25
http://www.qiqibrand.cc;unauthorized;6
http://www.qsteam.pl;unauthorized;4
http://www.quai-13.fr;unauthorized;6
http://www.rabe-energie.de;unauthorized;4
http://www.rabe-licht.de;unauthorized;4
http://www.rad-trikots.de;unauthorized;4
http://www.ranziundpflanzi.de;unauthorized;4
http://www.rath-kerstin.de;unauthorized;4
http://www.rayban1937.ru;unauthorized;159
http://www.raybanclearancecanada.ca;unauthorized;3
http://www.rayban-club.ru;unauthorized;35
http://www.raybanco.com.ua;unauthorized;4
http://www.raybanecuador.com;unauthorized;18
http://www.raybanmarket.ir;unauthorized;20
http://www.ray-ban-msk.ru;unauthorized;14
http://www.raybanromania.com;unauthorized;0
http://www.raybanshop.com.vn;unauthorized;20
http://www.raybanstore.com.ua;unauthorized;2
http://www.rayban-ukraine.com.ua;unauthorized;4
http://www.raybanwebshop.com;unauthorized;14
http://www.rbansaldi.it;unauthorized;0
http://www.rbcheap.top;unauthorized;0
http://www.rbclearance.com.co;unauthorized;2
http://www.rbcuu.net;unauthorized;6
http://www.rb-glasses.ru;unauthorized;30
http://www.rboutlet.ro;unauthorized;6
http://www.rbperu.com.pe;unauthorized;13
http://www.rbqsn.com;unauthorized;0
http://www.rbrht.net;unauthorized;6
http://www.rb-russia.ru;unauthorized;21
http://www.r-b-store.ru;unauthorized;12
http://www.rbtops.top;unauthorized;0
http://www.rbuca.net;unauthorized;2
http://www.rbwba.com;unauthorized;6
http://www.reflexions.pk;unauthorized;23
http://www.reichenberg-apotheke.de;unauthorized;13
http://www.reiki-bad-nauheim.de;unauthorized;4
http://www.repkick.cn;unauthorized;3
http://www.repladies.ru;unauthorized;14
http://www.replicamagic.com.pk;unauthorized;7
http://www.replicasderelogiostop.com.br;unauthorized;6
http://www.replicawatches.pk;unauthorized;0
http://www.replica-watches.pk;unauthorized;7
http://www.replica-watches-china.com.pk;unauthorized;7
http://www.replicawatchesislamabad.pk;unauthorized;7
http://www.replicawatchespakistan.com.pk;unauthorized;7
http://www.replicawatchespakistan.pk;unauthorized;7
http://www.replicawatchespro.co;unauthorized;0
http://www.replicawatchkarachi.pk;unauthorized;7
http://www.rockafalles.es;unauthorized;7
http://www.rodbiker.com.br;unauthorized;11
http://www.royalwatches.pk;unauthorized;11
http://www.royalwatchespakistan.com.pk;unauthorized;7
http://www.rshop.com.pk;unauthorized;0
http://www.rshop-pakistan.com.pk;unauthorized;7
http://www.ruhnke-ferienwohnung.de;unauthorized;4
http://www.sabinafutura.it;unauthorized;4
http://www.salchegger.de;unauthorized;4
http://www.sandragarus.de;unauthorized;4
http://www.saschamerdes.de;unauthorized;4
http://www.savedoan.ca;unauthorized;3
http://www.schilling-groemitz.de;unauthorized;4
http://www.schrank-levy.de;unauthorized;4
http://www.schulfahrten-berlin.de;unauthorized;4
http://www.see-gmbh.de;unauthorized;4
http://www.selectocol.com;unauthorized;17
http://www.sellingplaza.ru;unauthorized;4
http://www.sezendarek.cz;unauthorized;23
http://www.sghammoorcjugend.de;unauthorized;0
http://www.shashkay.com.pk;unauthorized;40
http://www.shoesgooddeal.ru;unauthorized;16
http://www.shoeshead.ru;unauthorized;16
http://www.shoeskicks777.ru;unauthorized;3
http://www.shoesspring.ru;unauthorized;3
http://www.showroom-kiev.com.ua;unauthorized;4
http://www.siemensstadt-tours.de;unauthorized;4
http://www.sirsneaker.cn;unauthorized;5
http://www.skankoerpertherapie.de;unauthorized;4
http://www.smart-teck.de;unauthorized;4
http://www.sneakerair.cn;unauthorized;0
http://www.soccertalente.de;unauthorized;4
http://www.sofort-kleinkredit.de;unauthorized;4
http://www.soleyeezy.cn;unauthorized;17
http://www.sonasl.com.br;unauthorized;13
http://www.sprach-seminar.de;unauthorized;4
http://www.steinchen-traeume.de;unauthorized;4
http://www.stephaniekremer.de;unauthorized;4
http://www.st-johannes-test.de;unauthorized;0
http://www.stranded-pirates.de;unauthorized;4
http://www.streetwearperu.com;unauthorized;13
http://www.studio-m-leipzig.de;unauthorized;4
http://www.style-africa.de;unauthorized;4
http://www.suendenrausch.de;unauthorized;0
http://www.sunglasscheap4u.com;unauthorized;0
http://www.sunglasses.com.pk;unauthorized;7
http://www.sun-glasses.com.ua;unauthorized;2
http://www.sunglassesf.ru;unauthorized;4
http://www.sunglasses-online.co;unauthorized;0
http://www.sunglassforme.ru;unauthorized;17
http://www.sunglassoutlet.com;unauthorized;8
http://www.suntoday.us;unauthorized;1
http://www.sven-oehler.de;unauthorized;4
http://www.swietnaksiazka.pl;unauthorized;1
http://www.tagesheim-egm.de;unauthorized;4
http://www.takrayban.com;unauthorized;0
http://www.tallnobby.de;unauthorized;4
http://www.taschentuchkauf.de;unauthorized;4
http://www.teestone.it;unauthorized;2
http://www.textilzubehoer.de;unauthorized;4
http://www.tgsrl.it;unauthorized;11
http://www.theater-weiskirchen.de;unauthorized;4
http://www.theracawo.de;unauthorized;4
http://www.theusshop.com;unauthorized;6
http://www.thevintagebar.com;unauthorized;4
http://www.thomas-kossmann.de;unauthorized;4
http://www.timeflies.com.ua;unauthorized;10
http://www.timezone.com.pk;unauthorized;7
http://www.tofredensien.de;unauthorized;4
http://www.tom-maximilian-lucas.de;unauthorized;4
http://www.trade555a.cn;unauthorized;17
http://www.tweetyforever.de;unauthorized;4
http://www.urol-bremen.de;unauthorized;4
http://www.ute-uwe-schulz.de;unauthorized;0
http://www.uwe-pfeffer-online.de;unauthorized;0
http://www.valborberaespinti.it;unauthorized;22
http://www.valiom.com;unauthorized;0
http://www.vicvonmont.de;unauthorized;4
http://www.villamarburg.de;unauthorized;4
http://www.villavanille.fr;unauthorized;0
http://www.visoriusodai.lt;unauthorized;2
http://www.wabstracts.de;unauthorized;4
http://www.walther-beardies.de;unauthorized;4
http://www.watchesinpakistan.com.pk;unauthorized;7
http://www.watchesreplica.pk;unauthorized;7
http://www.watchestime.cn;unauthorized;6
http://www.watchprice.com.pk;unauthorized;7
http://www.watchprice.pk;unauthorized;7
http://www.watchshop24.eu;unauthorized;24
http://www.watchtime.com.pk;unauthorized;7
http://www.wbv-software.de;unauthorized;4
http://www.weitlingviertel.de;unauthorized;4
http://www.werbeagentur-hey.de;unauthorized;4
http://www.wettig.fr;unauthorized;0
http://www.wirtschaftshypnose.de;unauthorized;4
http://www.wohnmobil-autoglas.de;unauthorized;4
http://www.workshopag.de;unauthorized;4
http://www.www-ray-ban-i.ru;unauthorized;17
http://www.yepbrand.ru;unauthorized;7
http://www.yeskicks.cn;unauthorized;16
http://www.yimahandbags.cn;unauthorized;17
http://www.young-science.de;unauthorized;5
http://www.yupoo-search.com;unauthorized;0
http://www.yves-foto.de;unauthorized;4
http://www.zapfking.de;unauthorized;4
http://www.zero71lupas.com.br;unauthorized;11
http://www.zumloisl.de;unauthorized;2
http://www.zw-sachsenquelle.de;unauthorized;4
